Datetime,Open,High,Low,Close,Volume
2025-01-21 14:30:00+00:00,19.559999465942383,21.81999969482422,19.280000686645508,21.670000076293945,10299616
2025-01-21 15:30:00+00:00,21.639999389648438,22.75,21.530000686645508,22.440000534057617,7404025
2025-01-21 16:30:00+00:00,22.424999237060547,22.6299991607666,21.649999618530273,22.239999771118164,2772474
2025-01-21 17:30:00+00:00,22.235000610351562,22.600000381469727,21.81999969482422,22.079999923706055,2024455
2025-01-21 18:30:00+00:00,22.100000381469727,22.360000610351562,21.809999465942383,22.170000076293945,1334539
2025-01-21 19:30:00+00:00,22.190000534057617,22.649999618530273,21.93000030517578,22.389999389648438,1797996
2025-01-21 20:30:00+00:00,22.398300170898438,22.979999542236328,22.34000015258789,22.93000030517578,2302801
2025-01-22 14:30:00+00:00,22.1299991607666,23.440000534057617,21.860000610351562,23.329999923706055,5864440
2025-01-22 15:30:00+00:00,23.31999969482422,23.450000762939453,22.260000228881836,22.308900833129883,2097579
2025-01-22 16:30:00+00:00,22.309999465942383,23.040000915527344,22.270000457763672,22.790000915527344,980547
2025-01-22 17:30:00+00:00,22.780000686645508,22.969999313354492,22.09000015258789,22.3700008392334,1142329
2025-01-22 18:30:00+00:00,22.3799991607666,22.65999984741211,22.280000686645508,22.3700008392334,553591
2025-01-22 19:30:00+00:00,22.3700008392334,22.8799991607666,22.343599319458008,22.415000915527344,798865
2025-01-22 20:30:00+00:00,22.43000030517578,22.65999984741211,22.260000228881836,22.450000762939453,946809
2025-01-23 14:30:00+00:00,21.829999923706055,22.940000534057617,21.579999923706055,21.940000534057617,3565613
2025-01-23 15:30:00+00:00,21.88599967956543,22.94499969482422,21.68000030517578,21.915199279785156,3082427
2025-01-23 16:30:00+00:00,21.90999984741211,22.09000015258789,21.3700008392334,21.549999237060547,1707356
2025-01-23 17:30:00+00:00,21.552400588989258,21.940000534057617,21.3799991607666,21.899999618530273,705430
2025-01-23 18:30:00+00:00,21.899999618530273,21.950000762939453,21.18000030517578,21.479999542236328,953241
2025-01-23 19:30:00+00:00,21.478900909423828,22.520000457763672,21.3799991607666,22.37649917602539,1749241
2025-01-23 20:30:00+00:00,22.3700008392334,22.399999618530273,22.047399520874023,22.165000915527344,981841
2025-01-24 14:30:00+00:00,23.17449951171875,24.950000762939453,23.030000686645508,24.11199951171875,12695859
2025-01-24 15:30:00+00:00,24.121999740600586,24.456499099731445,23.299999237060547,24.239999771118164,3396163
2025-01-24 16:30:00+00:00,24.229999542236328,24.56999969482422,23.510000228881836,24.15999984741211,2548959
2025-01-24 17:30:00+00:00,24.15999984741211,24.437999725341797,23.56999969482422,23.770000457763672,1305424
2025-01-24 18:30:00+00:00,23.760099411010742,23.760099411010742,22.959999084472656,23.2450008392334,1545554
2025-01-24 19:30:00+00:00,23.25,23.31999969482422,22.760000228881836,22.780000686645508,1021039
2025-01-24 20:30:00+00:00,22.790000915527344,23.075000762939453,22.780000686645508,23.0310001373291,995637
2025-01-27 14:30:00+00:00,21.739999771118164,22.3700008392334,21.209999084472656,22.329999923706055,4633490
2025-01-27 15:30:00+00:00,22.260000228881836,23.09000015258789,21.739999771118164,21.75,1950205
2025-01-27 16:30:00+00:00,21.739999771118164,21.989999771118164,21.3700008392334,21.549999237060547,1061097
2025-01-27 17:30:00+00:00,21.54990005493164,21.795000076293945,21.110000610351562,21.190000534057617,1050488
2025-01-27 18:30:00+00:00,21.184999465942383,21.4950008392334,21.030000686645508,21.40999984741211,910552
2025-01-27 19:30:00+00:00,21.40999984741211,21.4960994720459,20.780000686645508,21.09000015258789,1186411
2025-01-27 20:30:00+00:00,21.100000381469727,21.3799991607666,21.09000015258789,21.1299991607666,934135
2025-01-28 14:30:00+00:00,22.3700008392334,22.989999771118164,21.170000076293945,22.290000915527344,3754207
2025-01-28 15:30:00+00:00,22.299999237060547,22.6200008392334,20.049999237060547,20.180999755859375,3419783
2025-01-28 16:30:00+00:00,20.190000534057617,21.040000915527344,20.049999237060547,20.90999984741211,2070995
2025-01-28 17:30:00+00:00,20.920000076293945,21.209999084472656,20.81999969482422,21.165000915527344,613377
2025-01-28 18:30:00+00:00,21.155000686645508,21.3799991607666,20.850000381469727,21.299999237060547,709925
2025-01-28 19:30:00+00:00,21.299999237060547,21.700000762939453,21.25,21.530000686645508,745360
2025-01-28 20:30:00+00:00,21.520000457763672,21.579999923706055,21.3612003326416,21.5,570973
2025-01-29 14:30:00+00:00,21.520000457763672,22.469999313354492,21.299999237060547,21.950000762939453,3299694
2025-01-29 15:30:00+00:00,21.940000534057617,22.059999465942383,21.0,21.020000457763672,1506681
2025-01-29 16:30:00+00:00,21.020000457763672,21.25,20.720300674438477,21.229999542236328,1379609
2025-01-29 17:30:00+00:00,21.229999542236328,21.3700008392334,20.81999969482422,21.184799194335938,683278
2025-01-29 18:30:00+00:00,21.170000076293945,21.291000366210938,20.40999984741211,20.534500122070312,806858
2025-01-29 19:30:00+00:00,20.520000457763672,21.329999923706055,20.479999542236328,21.299999237060547,981302
2025-01-29 20:30:00+00:00,21.329999923706055,21.385000228881836,20.850000381469727,20.860000610351562,756459
2025-01-30 14:30:00+00:00,21.43000030517578,22.31999969482422,21.145000457763672,21.850000381469727,3426460
2025-01-30 15:30:00+00:00,21.850000381469727,22.59000015258789,21.200000762939453,21.43000030517578,3394793
2025-01-30 16:30:00+00:00,21.450000762939453,22.549999237060547,21.450000762939453,22.219999313354492,1739274
2025-01-30 17:30:00+00:00,22.229999542236328,22.510000228881836,22.030000686645508,22.269899368286133,1108767
2025-01-30 18:30:00+00:00,22.290000915527344,22.575199127197266,22.219999313354492,22.3218994140625,941052
2025-01-30 19:30:00+00:00,22.329999923706055,23.03499984741211,22.299999237060547,22.670000076293945,1409792
2025-01-30 20:30:00+00:00,22.65999984741211,22.783899307250977,22.225000381469727,22.40999984741211,1209789
2025-01-31 14:30:00+00:00,22.5,23.610000610351562,22.140899658203125,23.500999450683594,4030622
2025-01-31 15:30:00+00:00,23.5,23.8700008392334,23.17060089111328,23.3700008392334,2434763
2025-01-31 16:30:00+00:00,23.3799991607666,23.729999542236328,23.239999771118164,23.68000030517578,1254934
2025-01-31 17:30:00+00:00,23.690000534057617,23.889999389648438,23.1648006439209,23.170000076293945,1182674
2025-01-31 18:30:00+00:00,23.170000076293945,23.219999313354492,22.739999771118164,22.860000610351562,1574475
2025-01-31 19:30:00+00:00,22.860000610351562,22.979999542236328,21.655000686645508,21.679899215698242,1763694
2025-01-31 20:30:00+00:00,21.670000076293945,21.899999618530273,21.639999389648438,21.68000030517578,1428688
2025-02-03 14:30:00+00:00,20.25,21.239999771118164,19.709999084472656,21.160200119018555,5249791
2025-02-03 15:30:00+00:00,21.15999984741211,21.799999237060547,20.93000030517578,21.68000030517578,1779365
2025-02-03 16:30:00+00:00,21.68440055847168,22.186800003051758,21.625099182128906,21.65999984741211,1072836
2025-02-03 17:30:00+00:00,21.65999984741211,21.709400177001953,21.209999084472656,21.31999969482422,636563
2025-02-03 18:30:00+00:00,21.309999465942383,21.66990089416504,21.219999313354492,21.559999465942383,511820
2025-02-03 19:30:00+00:00,21.59000015258789,21.790000915527344,21.52199935913086,21.56220054626465,823062
2025-02-03 20:30:00+00:00,21.559999465942383,21.829999923706055,21.549999237060547,21.690000534057617,612607
2025-02-04 14:30:00+00:00,21.559999465942383,22.269899368286133,21.020000457763672,22.079999923706055,4833577
2025-02-04 15:30:00+00:00,22.059999465942383,22.084999084472656,21.399999618530273,21.829999923706055,1807447
2025-02-04 16:30:00+00:00,21.799999237060547,21.889999389648438,21.16010093688965,21.269100189208984,1299038
2025-02-04 17:30:00+00:00,21.280000686645508,21.52989959716797,21.229999542236328,21.440000534057617,723966
2025-02-04 18:30:00+00:00,21.43000030517578,22.030000686645508,21.34000015258789,21.59000015258789,900314
2025-02-04 19:30:00+00:00,21.6200008392334,21.709999084472656,21.290000915527344,21.40999984741211,628802
2025-02-04 20:30:00+00:00,21.40999984741211,21.690000534057617,21.399999618530273,21.59000015258789,658423
2025-02-05 14:30:00+00:00,21.059999465942383,21.20599937438965,19.799999237060547,20.309999465942383,5360926
2025-02-05 15:30:00+00:00,20.309999465942383,20.530000686645508,19.360000610351562,19.809999465942383,3354158
2025-02-05 16:30:00+00:00,19.827499389648438,20.299999237060547,19.700000762939453,19.969999313354492,1947068
2025-02-05 17:30:00+00:00,19.96500015258789,20.079999923706055,19.549999237060547,19.67289924621582,1263841
2025-02-05 18:30:00+00:00,19.670000076293945,20.1200008392334,19.639999389648438,20.049999237060547,786060
2025-02-05 19:30:00+00:00,20.045000076293945,20.100000381469727,19.774999618530273,19.8700008392334,889987
2025-02-05 20:30:00+00:00,19.86479949951172,19.885000228881836,19.59000015258789,19.604999542236328,1139408
2025-02-06 14:30:00+00:00,19.989999771118164,20.209999084472656,19.360000610351562,19.719999313354492,3143622
2025-02-06 15:30:00+00:00,19.739999771118164,19.940000534057617,19.479999542236328,19.700000762939453,1266607
2025-02-06 16:30:00+00:00,19.739999771118164,19.847999572753906,19.229999542236328,19.760000228881836,1328111
2025-02-06 17:30:00+00:00,19.7549991607666,19.90999984741211,19.6200008392334,19.770000457763672,739662
2025-02-06 18:30:00+00:00,19.774999618530273,19.78499984741211,19.2549991607666,19.2549991607666,692789
2025-02-06 19:30:00+00:00,19.2549991607666,19.6200008392334,18.86199951171875,19.350000381469727,1801371
2025-02-06 20:30:00+00:00,19.360000610351562,19.559999465942383,19.31999969482422,19.389999389648438,755315
2025-02-07 14:30:00+00:00,19.375,20.059999465942383,19.280000686645508,19.760000228881836,3520141
2025-02-07 15:30:00+00:00,19.770000457763672,19.940000534057617,19.329999923706055,19.420799255371094,1459010
2025-02-07 16:30:00+00:00,19.43000030517578,19.5,19.030000686645508,19.18000030517578,1050459
2025-02-07 17:30:00+00:00,19.170000076293945,19.279699325561523,19.0,19.170000076293945,994321
2025-02-07 18:30:00+00:00,19.16819953918457,19.170000076293945,18.469999313354492,18.4950008392334,1625452
2025-02-07 19:30:00+00:00,18.4950008392334,18.6200008392334,18.125,18.3700008392334,1613710
2025-02-07 20:30:00+00:00,18.360000610351562,18.520000457763672,18.28499984741211,18.40999984741211,1033419
2025-02-10 14:30:00+00:00,18.700000762939453,19.760000228881836,18.5,19.25,3645751
2025-02-10 15:30:00+00:00,19.260000228881836,19.510000228881836,19.079999923706055,19.309999465942383,1348507
2025-02-10 16:30:00+00:00,19.30500030517578,19.530000686645508,19.110000610351562,19.364999771118164,1122143
2025-02-10 17:30:00+00:00,19.3533992767334,19.729999542236328,19.341100692749023,19.625,1151913
2025-02-10 18:30:00+00:00,19.610000610351562,20.229999542236328,19.575000762939453,20.19499969482422,1789473
2025-02-10 19:30:00+00:00,20.200000762939453,20.260000228881836,19.690000534057617,19.947399139404297,1223719
2025-02-10 20:30:00+00:00,19.950000762939453,20.030000686645508,19.729999542236328,19.924999237060547,932550
2025-02-11 14:30:00+00:00,19.501100540161133,19.699899673461914,19.040000915527344,19.184600830078125,2915793
2025-02-11 15:30:00+00:00,19.200000762939453,19.5,18.979999542236328,19.010099411010742,1414138
2025-02-11 16:30:00+00:00,19.040000915527344,19.059999465942383,18.309999465942383,18.579999923706055,2166825
2025-02-11 17:30:00+00:00,18.56999969482422,18.600000381469727,18.252300262451172,18.3799991607666,1194339
2025-02-11 18:30:00+00:00,18.360000610351562,18.469999313354492,18.301000595092773,18.35460090637207,810252
2025-02-11 19:30:00+00:00,18.360000610351562,18.389999389648438,18.100000381469727,18.11870002746582,907365
2025-02-11 20:30:00+00:00,18.110000610351562,18.344999313354492,18.030000686645508,18.139999389648438,1152284
2025-02-12 14:30:00+00:00,17.920000076293945,18.489999771118164,17.56999969482422,18.33639907836914,3393700
2025-02-12 15:30:00+00:00,18.34000015258789,19.0,18.34000015258789,18.885000228881836,1763378
2025-02-12 16:30:00+00:00,18.885000228881836,19.31999969482422,18.8700008392334,19.198200225830078,1145612
2025-02-12 17:30:00+00:00,19.18000030517578,19.30500030517578,19.030000686645508,19.139999389648438,709856
2025-02-12 18:30:00+00:00,19.148500442504883,19.149999618530273,18.68000030517578,18.719999313354492,895399
2025-02-12 19:30:00+00:00,18.735000610351562,18.799999237060547,18.3700008392334,18.399999618530273,718557
2025-02-12 20:30:00+00:00,18.395000457763672,18.75,18.395000457763672,18.75,799107
2025-02-13 14:30:00+00:00,19.219999313354492,19.860000610351562,18.899999618530273,19.104999542236328,3730853
2025-02-13 15:30:00+00:00,19.104999542236328,19.649999618530273,18.940000534057617,19.040000915527344,1670006
2025-02-13 16:30:00+00:00,19.030000686645508,19.770000457763672,19.030000686645508,19.670000076293945,1424477
2025-02-13 17:30:00+00:00,19.65999984741211,19.670000076293945,18.950000762939453,19.24530029296875,1391102
2025-02-13 18:30:00+00:00,19.229999542236328,19.549999237060547,19.219999313354492,19.43239974975586,735563
2025-02-13 19:30:00+00:00,19.440000534057617,19.540000915527344,19.280000686645508,19.440000534057617,536599
2025-02-13 20:30:00+00:00,19.440000534057617,19.489999771118164,19.139999389648438,19.15999984741211,645525
2025-02-14 14:30:00+00:00,19.5,19.90999984741211,18.440000534057617,19.450000762939453,4081761
2025-02-14 15:30:00+00:00,19.469900131225586,19.93000030517578,19.170000076293945,19.648099899291992,1498264
2025-02-14 16:30:00+00:00,19.6299991607666,19.700000762939453,18.959999084472656,18.985000610351562,829961
2025-02-14 17:30:00+00:00,18.985000610351562,19.280000686645508,18.950000762939453,19.170000076293945,500886
2025-02-14 18:30:00+00:00,19.170000076293945,19.700000762939453,19.1299991607666,19.549999237060547,1159469
2025-02-14 19:30:00+00:00,19.530000686645508,19.850000381469727,19.479999542236328,19.56999969482422,985897
2025-02-14 20:30:00+00:00,19.579999923706055,19.716800689697266,19.399999618530273,19.6200008392334,948411
2025-02-18 14:30:00+00:00,20.309999465942383,22.399999618530273,20.275999069213867,21.260000228881836,8818676
2025-02-18 15:30:00+00:00,21.270000457763672,22.18000030517578,20.8700008392334,21.280000686645508,3450053
2025-02-18 16:30:00+00:00,21.274999618530273,21.290000915527344,20.58009910583496,20.594499588012695,1330615
2025-02-18 17:30:00+00:00,20.584999084472656,20.639999389648438,19.899999618530273,19.920000076293945,1236821
2025-02-18 18:30:00+00:00,19.920000076293945,19.950000762939453,19.649999618530273,19.895000457763672,1506376
2025-02-18 19:30:00+00:00,19.894699096679688,20.289899826049805,19.75749969482422,20.014999389648438,985015
2025-02-18 20:30:00+00:00,20.020000457763672,20.299999237060547,20.0049991607666,20.270000457763672,679112
2025-02-19 14:30:00+00:00,20.450000762939453,21.25,19.82200050354004,19.860000610351562,4021734
2025-02-19 15:30:00+00:00,19.81999969482422,20.621599197387695,19.760000228881836,20.5049991607666,1760272
2025-02-19 16:30:00+00:00,20.485000610351562,20.950000762939453,20.459999084472656,20.8799991607666,1227726
2025-02-19 17:30:00+00:00,20.8700008392334,20.989999771118164,20.399999618530273,20.59000015258789,787166
2025-02-19 18:30:00+00:00,20.59000015258789,20.92020034790039,20.5,20.75,1021658
2025-02-19 19:30:00+00:00,20.735000610351562,20.93000030517578,19.71500015258789,19.850000381469727,1269599
2025-02-19 20:30:00+00:00,19.860000610351562,20.04990005493164,19.299999237060547,19.584999084472656,1907473
2025-02-20 14:30:00+00:00,19.579999923706055,19.714000701904297,17.851999282836914,18.709999084472656,5762941
2025-02-20 15:30:00+00:00,18.719999313354492,18.803600311279297,18.43000030517578,18.68000030517578,1179679
2025-02-20 16:30:00+00:00,18.690000534057617,19.21980094909668,18.6200008392334,19.040199279785156,1181054
2025-02-20 17:30:00+00:00,19.059999465942383,19.239999771118164,19.059999465942383,19.110000610351562,452385
2025-02-20 18:30:00+00:00,19.110000610351562,19.845699310302734,19.09000015258789,19.50160026550293,1026767
2025-02-20 19:30:00+00:00,19.489999771118164,20.15999984741211,19.43000030517578,19.86050033569336,1665267
2025-02-20 20:30:00+00:00,19.8799991607666,20.079999923706055,19.690000534057617,19.711000442504883,937299
2025-02-21 14:30:00+00:00,19.707500457763672,20.170000076293945,19.360000610351562,19.43000030517578,3299373
2025-02-21 15:30:00+00:00,19.454999923706055,19.576400756835938,18.729999542236328,19.040000915527344,1998898
2025-02-21 16:30:00+00:00,19.049999237060547,19.079999923706055,18.3700008392334,18.5,1248705
2025-02-21 17:30:00+00:00,18.489999771118164,18.5,17.8700008392334,18.09000015258789,2083474
2025-02-21 18:30:00+00:00,18.09000015258789,18.1299991607666,17.729999542236328,17.850000381469727,1556813
2025-02-21 19:30:00+00:00,17.889999389648438,18.09000015258789,17.72010040283203,17.959999084472656,1327556
2025-02-21 20:30:00+00:00,17.969999313354492,18.155000686645508,17.969999313354492,18.075000762939453,928993
2025-02-24 14:30:00+00:00,18.389999389648438,18.59980010986328,16.799999237060547,16.914899826049805,5124969
2025-02-24 15:30:00+00:00,16.91010093688965,17.25,16.68000030517578,17.1200008392334,2465482
2025-02-24 16:30:00+00:00,17.110000610351562,17.65999984741211,17.100000381469727,17.584999084472656,1465070
2025-02-24 17:30:00+00:00,17.584999084472656,17.735599517822266,17.454999923706055,17.594999313354492,850066
2025-02-24 18:30:00+00:00,17.600000381469727,17.63990020751953,17.059999465942383,17.084999084472656,914343
2025-02-24 19:30:00+00:00,17.079999923706055,17.190000534057617,16.840099334716797,16.905000686645508,864153
2025-02-24 20:30:00+00:00,16.909900665283203,17.1299991607666,16.900100708007812,16.959999084472656,974782
2025-02-25 14:30:00+00:00,16.25,16.459999084472656,14.5,14.779999732971191,6799532
2025-02-25 15:30:00+00:00,14.774999618530273,15.300000190734863,14.524999618530273,15.001999855041504,2734489
2025-02-25 16:30:00+00:00,15.010000228881836,15.26729965209961,14.895000457763672,15.188899993896484,1052604
2025-02-25 17:30:00+00:00,15.1850004196167,15.5,15.180000305175781,15.239999771118164,1083001
2025-02-25 18:30:00+00:00,15.232099533081055,15.470000267028809,15.08329963684082,15.095000267028809,724587
2025-02-25 19:30:00+00:00,15.09000015258789,15.699999809265137,15.079999923706055,15.604999542236328,886766
2025-02-25 20:30:00+00:00,15.609999656677246,15.720000267028809,15.350000381469727,15.390000343322754,1040026
2025-02-26 14:30:00+00:00,16.709999084472656,17.280000686645508,16.0,16.795000076293945,4531567
2025-02-26 15:30:00+00:00,16.799999237060547,17.3700008392334,16.790000915527344,17.200000762939453,1348268
2025-02-26 16:30:00+00:00,17.18000030517578,17.350000381469727,16.799999237060547,17.040000915527344,1118872
2025-02-26 17:30:00+00:00,17.03499984741211,17.1200008392334,16.690000534057617,16.690000534057617,856860
2025-02-26 18:30:00+00:00,16.684999465942383,16.759199142456055,16.15999984741211,16.510700225830078,1247623
2025-02-26 19:30:00+00:00,16.514999389648438,16.739299774169922,16.390100479125977,16.559999465942383,901376
2025-02-26 20:30:00+00:00,16.546600341796875,16.614999771118164,16.3799991607666,16.489999771118164,968105
2025-02-27 14:30:00+00:00,17.25,17.334999084472656,15.210000038146973,16.095800399780273,5312666
2025-02-27 15:30:00+00:00,16.1299991607666,16.170000076293945,15.649999618530273,15.680000305175781,1909766
2025-02-27 16:30:00+00:00,15.678500175476074,15.816800117492676,15.145000457763672,15.378999710083008,1525846
2025-02-27 17:30:00+00:00,15.390000343322754,15.4399995803833,15.208999633789062,15.318499565124512,1030035
2025-02-27 18:30:00+00:00,15.305000305175781,15.329999923706055,14.850000381469727,14.864999771118164,1119546
2025-02-27 19:30:00+00:00,14.864999771118164,14.864999771118164,14.400099754333496,14.454999923706055,1987453
2025-02-27 20:30:00+00:00,14.460000038146973,14.559000015258789,14.321000099182129,14.396200180053711,1429245
2025-02-28 14:30:00+00:00,13.180999755859375,14.899999618530273,13.020000457763672,14.78499984741211,6179109
2025-02-28 15:30:00+00:00,14.75,14.829999923706055,14.274999618530273,14.430000305175781,1763926
2025-02-28 16:30:00+00:00,14.40999984741211,14.609999656677246,14.34000015258789,14.430000305175781,904598
2025-02-28 17:30:00+00:00,14.410200119018555,14.494999885559082,13.880000114440918,14.071599960327148,1727064
2025-02-28 18:30:00+00:00,14.074999809265137,14.875,14.053500175476074,14.750100135803223,2411401
2025-02-28 19:30:00+00:00,14.75,14.770000457763672,14.449999809265137,14.579999923706055,1111148
2025-02-28 20:30:00+00:00,14.579700469970703,14.609999656677246,14.414999961853027,14.570099830627441,1298621
2025-03-03 14:30:00+00:00,14.779999732971191,15.130000114440918,14.100000381469727,14.569999694824219,4368608
2025-03-03 15:30:00+00:00,14.5600004196167,14.75,14.229999542236328,14.260000228881836,1210649
2025-03-03 16:30:00+00:00,14.270000457763672,14.3100004196167,14.069999694824219,14.247400283813477,1063835
2025-03-03 17:30:00+00:00,14.239999771118164,14.289999961853027,13.5600004196167,13.579999923706055,1485441
2025-03-03 18:30:00+00:00,13.569999694824219,13.90999984741211,13.5600004196167,13.779999732971191,1021565
2025-03-03 19:30:00+00:00,13.779999732971191,13.944999694824219,13.180999755859375,13.25,1725266
2025-03-03 20:30:00+00:00,13.2391996383667,13.479999542236328,13.170000076293945,13.454999923706055,1463866
2025-03-04 14:30:00+00:00,12.819999694824219,13.270000457763672,12.550000190734863,12.779999732971191,4701516
2025-03-04 15:30:00+00:00,12.779999732971191,12.989999771118164,12.6850004196167,12.729999542236328,1333813
2025-03-04 16:30:00+00:00,12.720000267028809,13.260000228881836,12.720000267028809,13.199999809265137,1314824
2025-03-04 17:30:00+00:00,13.199999809265137,13.640000343322754,13.109999656677246,13.390000343322754,1011006
2025-03-04 18:30:00+00:00,13.390000343322754,13.880000114440918,13.350000381469727,13.79990005493164,1228298
2025-03-04 19:30:00+00:00,13.8100004196167,14.100000381469727,13.739999771118164,13.920000076293945,1315133
2025-03-04 20:30:00+00:00,13.914999961853027,13.9350004196167,13.4350004196167,13.469900131225586,1496937
2025-03-05 14:30:00+00:00,13.850000381469727,14.137800216674805,13.449999809265137,13.8100004196167,3327568
2025-03-05 15:30:00+00:00,13.829999923706055,14.199999809265137,13.765000343322754,13.845000267028809,1248552
2025-03-05 16:30:00+00:00,13.84000015258789,14.09000015258789,13.619999885559082,13.84000015258789,801841
2025-03-05 17:30:00+00:00,13.84000015258789,13.989999771118164,13.609999656677246,13.614999771118164,945724
2025-03-05 18:30:00+00:00,13.630000114440918,14.149999618530273,13.545000076293945,13.890000343322754,1357287
2025-03-05 19:30:00+00:00,13.890000343322754,13.999899864196777,13.725000381469727,13.890000343322754,996453
2025-03-05 20:30:00+00:00,13.880000114440918,14.15999984741211,13.839900016784668,14.100000381469727,1122190
2025-03-06 14:30:00+00:00,13.649999618530273,14.029999732971191,13.199999809265137,13.930000305175781,3789523
2025-03-06 15:30:00+00:00,13.949600219726562,14.079999923706055,13.770000457763672,13.899999618530273,1511208
2025-03-06 16:30:00+00:00,13.890000343322754,13.979999542236328,13.449999809265137,13.479999542236328,1828281
2025-03-06 17:30:00+00:00,13.478400230407715,13.600000381469727,11.050000190734863,11.460000038146973,18726537
2025-03-06 18:30:00+00:00,11.463600158691406,11.71500015258789,11.1899995803833,11.569999694824219,5067128
2025-03-06 19:30:00+00:00,11.571999549865723,11.890000343322754,10.25,11.265399932861328,5709513
2025-03-06 20:30:00+00:00,11.25,11.630000114440918,11.0802001953125,11.295000076293945,3669038
2025-03-07 14:30:00+00:00,8.0,9.550000190734863,7.809999942779541,9.172900199890137,28932931
2025-03-07 15:30:00+00:00,9.191399574279785,9.239999771118164,8.560099601745605,8.78499984741211,5504664
2025-03-07 16:30:00+00:00,8.800000190734863,8.829999923706055,8.199999809265137,8.569999694824219,5667699
2025-03-07 17:30:00+00:00,8.5600004196167,8.875,8.40999984741211,8.649999618530273,3104308
2025-03-07 18:30:00+00:00,8.65999984741211,8.819999694824219,8.4399995803833,8.734999656677246,2152617
2025-03-07 19:30:00+00:00,8.734999656677246,9.010000228881836,8.5600004196167,8.878000259399414,3567395
2025-03-07 20:30:00+00:00,8.875,8.899999618530273,8.640000343322754,8.75,2166982
2025-03-10 13:30:00+00:00,7.798999786376953,7.889999866485596,7.080100059509277,7.090099811553955,7970328
2025-03-10 14:30:00+00:00,7.099999904632568,7.32889986038208,6.869999885559082,7.130000114440918,4844210
2025-03-10 15:30:00+00:00,7.128600120544434,7.269999980926514,7.0,7.039899826049805,2172775
2025-03-10 16:30:00+00:00,7.034999847412109,7.059999942779541,6.690000057220459,6.744999885559082,3439189
2025-03-10 17:30:00+00:00,6.748899936676025,6.849999904632568,6.639999866485596,6.719900131225586,1678665
2025-03-10 18:30:00+00:00,6.71999979019165,6.789999961853027,6.639999866485596,6.735000133514404,1807304
2025-03-10 19:30:00+00:00,6.735000133514404,6.875,6.651700019836426,6.775000095367432,2028106
2025-03-11 13:30:00+00:00,6.670000076293945,6.980000019073486,6.449999809265137,6.465000152587891,4828066
2025-03-11 14:30:00+00:00,6.465000152587891,6.829999923706055,6.360000133514404,6.800000190734863,3097845
2025-03-11 15:30:00+00:00,6.809899806976318,7.039999961853027,6.510000228881836,6.599100112915039,2463064
2025-03-11 16:30:00+00:00,6.59499979019165,6.648600101470947,6.289999961853027,6.320000171661377,1969248
2025-03-11 17:30:00+00:00,6.320000171661377,6.510000228881836,6.2600998878479,6.468699932098389,1908179
2025-03-11 18:30:00+00:00,6.460000038146973,6.590000152587891,6.340000152587891,6.380000114440918,2655472
2025-03-11 19:30:00+00:00,6.380000114440918,6.5,6.364999771118164,6.465000152587891,2240271
2025-03-12 13:30:00+00:00,6.800000190734863,7.070000171661377,6.619999885559082,6.769999980926514,4912422
2025-03-12 14:30:00+00:00,6.777500152587891,6.7778000831604,6.53000020980835,6.679900169372559,1682703
2025-03-12 15:30:00+00:00,6.679999828338623,6.96999979019165,6.675000190734863,6.929900169372559,1495778
2025-03-12 16:30:00+00:00,6.929999828338623,6.989999771118164,6.829999923706055,6.954999923706055,1236921
2025-03-12 17:30:00+00:00,6.95989990234375,7.269999980926514,6.954999923706055,7.204999923706055,2551270
2025-03-12 18:30:00+00:00,7.204999923706055,7.650000095367432,7.190000057220459,7.514999866485596,4393665
2025-03-12 19:30:00+00:00,7.519999980926514,7.565000057220459,7.40500020980835,7.409999847412109,3241735
2025-03-13 13:30:00+00:00,7.210000038146973,7.349999904632568,6.670100212097168,6.815000057220459,5310551
2025-03-13 14:30:00+00:00,6.815000057220459,6.940000057220459,6.71999979019165,6.744999885559082,1972014
2025-03-13 15:30:00+00:00,6.748799800872803,6.795000076293945,6.659999847412109,6.718599796295166,1323531
2025-03-13 16:30:00+00:00,6.710000038146973,6.829999923706055,6.590000152587891,6.610000133514404,1229170
2025-03-13 17:30:00+00:00,6.605000019073486,6.769899845123291,6.579999923706055,6.764999866485596,989559
2025-03-13 18:30:00+00:00,6.764999866485596,6.779300212860107,6.633999824523926,6.635000228881836,1243957
2025-03-13 19:30:00+00:00,6.639999866485596,6.699999809265137,6.579999923706055,6.699999809265137,1373261
2025-03-14 13:30:00+00:00,6.90500020980835,7.079999923706055,6.809999942779541,7.010000228881836,2850098
2025-03-14 14:30:00+00:00,7.010000228881836,7.298999786376953,6.985000133514404,7.204999923706055,2100867
2025-03-14 15:30:00+00:00,7.199999809265137,7.260000228881836,7.085000038146973,7.114999771118164,1258335
2025-03-14 16:30:00+00:00,7.115099906921387,7.21999979019165,7.070000171661377,7.119999885559082,950653
2025-03-14 17:30:00+00:00,7.119999885559082,7.150000095367432,7.054999828338623,7.135000228881836,715638
2025-03-14 18:30:00+00:00,7.135000228881836,7.239999771118164,7.090099811553955,7.190000057220459,1084777
2025-03-14 19:30:00+00:00,7.195000171661377,7.340000152587891,7.144999980926514,7.284999847412109,1416485
2025-03-17 13:30:00+00:00,7.349999904632568,7.679999828338623,7.211900234222412,7.40500020980835,3019350
2025-03-17 14:30:00+00:00,7.40500020980835,8.130000114440918,7.364999771118164,7.945000171661377,3039950
2025-03-17 15:30:00+00:00,7.934999942779541,8.0,7.730000019073486,7.769000053405762,1527665
2025-03-17 16:30:00+00:00,7.769899845123291,7.909999847412109,7.75,7.855000019073486,934041
2025-03-17 17:30:00+00:00,7.855000019073486,8.039999961853027,7.809999942779541,7.949999809265137,1397354
2025-03-17 18:30:00+00:00,7.949999809265137,8.050000190734863,7.880000114440918,7.940000057220459,1258747
2025-03-17 19:30:00+00:00,7.940000057220459,7.969900131225586,7.880000114440918,7.889999866485596,1265968
2025-03-18 13:30:00+00:00,7.610000133514404,7.647200107574463,7.255000114440918,7.400000095367432,3093440
2025-03-18 14:30:00+00:00,7.40500020980835,7.425000190734863,7.150000095367432,7.284999847412109,1487856
2025-03-18 15:30:00+00:00,7.269999980926514,7.340000152587891,7.23960018157959,7.329999923706055,739611
2025-03-18 16:30:00+00:00,7.329999923706055,7.360000133514404,7.190000057220459,7.264999866485596,863560
2025-03-18 17:30:00+00:00,7.264999866485596,7.289999961853027,7.119999885559082,7.125,641650
2025-03-18 18:30:00+00:00,7.125,7.215000152587891,7.110000133514404,7.125,925389
2025-03-18 19:30:00+00:00,7.130000114440918,7.14900016784668,7.010000228881836,7.025000095367432,1333263
2025-03-19 13:30:00+00:00,7.139999866485596,7.239999771118164,6.960000038146973,6.968800067901611,2167701
2025-03-19 14:30:00+00:00,6.961100101470947,7.170000076293945,6.910799980163574,7.105000019073486,922781
2025-03-19 15:30:00+00:00,7.099999904632568,7.199999809265137,7.050000190734863,7.15500020980835,1041217
2025-03-19 16:30:00+00:00,7.150000095367432,7.269999980926514,7.114999771118164,7.239999771118164,756209
2025-03-19 17:30:00+00:00,7.248700141906738,7.360000133514404,7.099999904632568,7.264999866485596,1185968
2025-03-19 18:30:00+00:00,7.2600998878479,7.420000076293945,7.119999885559082,7.126500129699707,1207077
2025-03-19 19:30:00+00:00,7.120699882507324,7.340000152587891,7.111100196838379,7.244999885559082,959064
